id,time_observed_at,user_id,user_name,latitude,longitude,scientific_name
16450375,2018-09-12 13:58:36 UTC,737697,Tomas Pocius,55.9272689574,21.0585081205,Aureoboletus projectellus
16873459,2018-09-16 07:18:21 UTC,281423,Almantas Kulbis,55.340039636,21.0258515552,Aureoboletus projectellus
17230791,2018-09-25 10:22:00 UTC,1244231,Arūnas Juknevičius,54.8920139293,24.9536992942,Aureoboletus projectellus
32221127,2019-09-05 12:23:31 UTC,2146224,,55.745025077,8.2519900426,Aureoboletus projectellus
32221348,2019-09-05 08:43:32 UTC,2146224,,55.7615783333,8.21315,Aureoboletus projectellus
34055471,2019-10-08 07:27:28 UTC,2290685,Helios Morgan,54.604009561,18.8076014414,Aureoboletus projectellus
48997233,2017-08-05 08:30:17 UTC,1880699,Enrico Tomschke,51.6287216667,14.35792,Aureoboletus projectellus
49134552,2018-09-09 10:40:26 UTC,1087824,Ekle,55.7514305114,21.1225547789,Aureoboletus projectellus
52353452,,3300920,Petter Broby,60.3640924331,5.1863984013,Aureoboletus projectellus
52353453,,3300920,Petter Broby,60.364055806,5.1863662148,Aureoboletus projectellus
52353454,,3300920,Petter Broby,60.3640215771,5.1863608514,Aureoboletus projectellus
52353457,,3300920,Petter Broby,60.364099958,5.1863903572,Aureoboletus projectellus
52353458,,3300920,Petter Broby,60.3640135309,5.1862937977,Aureoboletus projectellus
56494139,2020-08-15 09:14:24 UTC,2293396,,54.630113014,18.7737782427,Aureoboletus projectellus
58587304,2020-09-04 10:41:30 UTC,3174938,Daniel Ace,52.348745,15.934744,Aureoboletus projectellus
58704389,,3568411,,52.2608582806,21.2722976661,Aureoboletus projectellus
58704390,,3568411,,52.2611144708,21.2724714621,Aureoboletus projectellus
58704391,,3568411,,52.2599081149,21.2727941125,Aureoboletus projectellus
58704393,,3568411,,52.2605936225,21.2717823076,Aureoboletus projectellus
59866879,2020-09-17 12:36:38 UTC,2269579,Jonas Šiurys,55.3552483333,21.0505966667,Aureoboletus projectellus
60057299,2020-09-19 11:38:20 UTC,299886,Adam Kumiszcza,54.5564628376,18.4019187252,Aureoboletus projectellus
60178268,2020-09-20 08:11:43 UTC,3303021,Dalia Dambrauskaite,55.36785,21.05644167,Aureoboletus projectellus
60180360,2020-09-20 12:59:56 UTC,3193475,Rasa Zubrickienė,54.1841542258,24.3139571697,Aureoboletus projectellus
60816467,2020-09-26 08:49:00 UTC,3383684,,54.9927169551,15.062939236,Aureoboletus projectellus
61308936,2020-09-30 14:42:45 UTC,1198134,Paulius Rupšas,55.7820701389,21.0745868611,Aureoboletus projectellus
61941065,2020-10-07 10:50:32 UTC,3383684,,54.9953083043,15.0678073615,Aureoboletus projectellus
90820643,2021-08-11 15:59:49 UTC,4686685,Dzianis Krupin,51.7761094989,23.9891238883,Aureoboletus projectellus
92441177,2021-08-24 11:05:55 UTC,4419964,Vilius Martinaitis,55.0467021667,25.5097943611,Aureoboletus projectellus
92765939,2021-08-28 06:30:31 UTC,3078335,Gabrielė Stanaitytė,55.5579277613,21.1132212604,Aureoboletus projectellus
92903294,2021-08-29 06:21:00 UTC,3078335,Gabrielė Stanaitytė,55.5709633,21.1122021,Aureoboletus projectellus
92903325,2021-08-29 06:30:12 UTC,3078335,Gabrielė Stanaitytė,55.5583703,21.1156029,Aureoboletus projectellus
93143010,2021-08-31 12:55:48 UTC,4771892,,55.5830671626,21.111472639,Aureoboletus projectellus
93456187,2021-09-02 17:37:28 UTC,4678626,Lina Ribinskė,55.2933299722,20.9794669722,Aureoboletus projectellus
93559296,2021-09-04 07:58:38 UTC,2951322,Инесса Мечинская,57.0330087,23.4500741,Aureoboletus projectellus
94830354,2021-09-14 08:13:03 UTC,4632344,,55.1807133333,20.8624533333,Aureoboletus projectellus
95147533,2021-09-17 13:40:26 UTC,3522731,Iza Pawlęty,54.1051888889,15.1442805556,Aureoboletus projectellus
95417624,2021-09-17 10:45:10 UTC,2213529,Morten Christensen,54.994675,15.0681221667,Aureoboletus projectellus
96057838,2021-09-25 08:38:04 UTC,4420864,,54.78522649,17.73759234,Aureoboletus projectellus
96060167,2021-09-25 08:59:44 UTC,4420864,,54.78736169,17.73466659,Aureoboletus projectellus
104927031,2021-09-04 09:13:23 UTC,5304262,,55.3443938942,20.8383863881,Aureoboletus projectellus
131276517,2022-08-17 15:39:00 UTC,5998455,,60.3516438326,5.2700448455,Aureoboletus projectellus
134629406,2022-09-11 10:14:10 UTC,5304262,,55.2353935242,20.9134750364,Aureoboletus projectellus
134842025,2022-09-12 15:02:07 UTC,5955070,,57.2445617182,24.4232172272,Aureoboletus projectellus
136003714,,6168899,Gleb Barmashenko,56.9531751969,16.4657559246,Aureoboletus projectellus
136481124,2022-09-17 13:17:00 UTC,6189684,Zosia Legeżyńska,54.8300988751,18.026554808,Aureoboletus projectellus
138300242,,6231876,Andreas Tscheppainz,51.5202777778,14.7130555556,Aureoboletus projectellus
139432897,2022-07-31 16:54:52 UTC,6256119,Filip Żuchowski,54.4675046332,18.2501524687,Aureoboletus projectellus
143431814,,6271452,"",54.5943407862,17.0383190364,Aureoboletus projectellus
146024731,2022-09-29 07:49:00 UTC,6418149,Piotr Kobierski,51.8494969565,14.9762538093,Aureoboletus projectellus
146024733,2022-09-29 07:49:00 UTC,6418149,Piotr Kobierski,51.8494816498,14.9759745062,Aureoboletus projectellus
147718928,,6271452,"",54.7695532711,17.7454948425,Aureoboletus projectellus
176763662,2023-08-05 10:19:58 UTC,2606724,Marcin Pietras,53.7501297227,17.8911585453,Aureoboletus projectellus
177699917,2023-08-10 12:25:30 UTC,2617778,Rytis,54.7237599997,17.2363415,Aureoboletus projectellus
178515381,2023-08-14 17:24:22 UTC,6855875,Olaf Binek,54.7541319172,17.7506761998,Aureoboletus projectellus
180093368,2023-08-25 09:29:33 UTC,6299699,Valērijs Vahruševs,57.167214565,24.3083794322,Aureoboletus projectellus
180405825,2023-08-26 13:30:46 UTC,1594051,"",56.7074333333,12.6949533333,Aureoboletus projectellus
180405875,2023-08-26 13:32:01 UTC,1594051,"",56.7074333333,12.6946866667,Aureoboletus projectellus
180582146,2023-08-28 06:43:47 UTC,7312390,,59.9637180102,23.3180069077,Aureoboletus projectellus
181343669,2023-09-01 14:32:28 UTC,3075588,Kęstutis Kišonas,55.3679809569,21.6030197142,Aureoboletus projectellus
181894079,2023-09-05 11:53:07 UTC,5006580,Laura Z.,55.2140823562,21.6415320925,Aureoboletus projectellus
182084631,2023-09-06 12:23:00 UTC,5797646,Dawid Adamczyk,54.6935366667,17.1468233333,Aureoboletus projectellus
182153949,2023-09-07 07:20:14 UTC,945323,Žygimantas Valiuška,55.4969216667,21.1027638333,Aureoboletus projectellus
182429915,2023-09-09 06:53:56 UTC,783795,Rasa Gaidiene,57.75748,22.5905883333,Aureoboletus projectellus
182522965,2023-09-06 15:00:22 UTC,5304262,,55.2374014459,20.9251885861,Aureoboletus projectellus
182537280,2023-09-09 16:01:51 UTC,7121491,Paweł Garski,54.3382000573,18.959399946,Aureoboletus projectellus
183216355,2023-09-09 12:13:00 UTC,5443635,Karolina Klimaitė,55.3037144854,21.0040645264,Aureoboletus projectellus
183250280,2023-08-15 06:21:00 UTC,7401737,Alfas,54.094442,24.259206,Aureoboletus projectellus
183254117,2023-08-15 06:21:00 UTC,7401737,Alfas,54.0917633741,24.2741623896,Aureoboletus projectellus
183269423,,7402374,"",55.3835225978,21.4866694808,Aureoboletus projectellus
183320133,2023-09-09 05:41:49 UTC,7403965,Linas Dapkus,55.9778633333,21.0735471667,Aureoboletus projectellus
183394754,2023-09-14 01:19:59 UTC,7406732,Ceslovas Rastutis,56.1620128231,21.2638248503,Aureoboletus projectellus
183476988,2023-09-14 10:03:13 UTC,6690013,Martynas Velicka,55.54015,21.1048445,Aureoboletus projectellus
183502838,2023-09-16 11:38:28 UTC,3050953,,54.3474583333,18.9329583333,Aureoboletus projectellus
183645080,2023-09-17 10:55:13 UTC,7402224,irena kavaliauskiene,54.2178315,24.5707846,Aureoboletus projectellus
183810502,2023-09-17 15:53:45 UTC,7413273,Agata Krajewska,52.96681243,18.83763558,Aureoboletus projectellus
183810513,2023-09-17 15:55:16 UTC,7413273,Agata Krajewska,52.9668881,18.83777859,Aureoboletus projectellus
183810528,2023-09-17 15:56:27 UTC,7413273,Agata Krajewska,52.96677455,18.837591,Aureoboletus projectellus
183810553,2023-09-17 15:58:33 UTC,7413273,Agata Krajewska,52.96680253,18.83778557,Aureoboletus projectellus
183939815,2023-09-14 08:46:31 UTC,7402224,irena kavaliauskiene,54.1974234863,24.5188772678,Aureoboletus projectellus
184080898,2023-09-19 15:55:31 UTC,5791989,Marek Maciantowicz,51.8169753394,15.3732962161,Aureoboletus projectellus
184083001,2023-09-19 08:26:11 UTC,7425550,Darius Galinskas,55.6336453184,21.3203876093,Aureoboletus projectellus
184701393,2023-09-24 14:56:48 UTC,7413273,Agata Krajewska,52.972415484,18.8468323275,Aureoboletus projectellus
184701572,2023-09-24 14:58:16 UTC,7413273,Agata Krajewska,52.9647406,18.8616047,Aureoboletus projectellus
184702250,2023-09-24 15:01:21 UTC,7413273,Agata Krajewska,52.9602262,18.8573234,Aureoboletus projectellus
184744371,2023-09-24 10:04:00 UTC,2620009,"",54.2084474933,24.689097423,Aureoboletus projectellus
184850654,2023-09-22 14:58:41 UTC,4406471,Olsza Borys,54.3442542,18.9336921997,Aureoboletus projectellus
184876650,2023-09-25 10:27:10 UTC,7401737,Alfas,54.0405888,24.3956912,Aureoboletus projectellus
185061261,2023-09-19 16:16:43 UTC,2883760,Galina Shapoval (Kuftina),55.0895916667,20.73585,Aureoboletus projectellus
185122373,2023-09-27 10:21:01 UTC,3431812,Antanas Petraška,54.6764713462,18.7347109616,Aureoboletus projectellus
185171322,,7458429,Mantas Karecka,55.9773056236,22.1142239124,Aureoboletus projectellus
185247812,2023-09-28 07:17:00 UTC,609518,Kazimieras Martinaitis,54.930659426,23.7085436458,Aureoboletus projectellus
185393412,2023-09-29 07:27:00 UTC,4361490,,50.6646479722,21.023661,Aureoboletus projectellus
185397368,2023-09-29 08:13:07 UTC,1575747,Paweł Fortuna,51.979489,15.330802,Aureoboletus projectellus
186379719,2023-09-27 08:08:00 UTC,7492230,,55.2757679005,26.0554195933,Aureoboletus projectellus
186379990,2023-09-19 08:20:00 UTC,7492230,,54.955635,25.6696903,Aureoboletus projectellus
186380666,2023-10-03 13:03:05 UTC,7492255,Vitalijus Sadrejevas,54.9696073049,23.534563221,Aureoboletus projectellus
186398402,2023-10-06 13:04:09 UTC,3557109,Sławomir Karpicki-Ignatowski,54.602,18.8225166667,Aureoboletus projectellus
186433479,2023-10-06 09:37:00 UTC,7493848,,55.3559569204,26.0601663954,Aureoboletus projectellus
186523639,,7495662,Dainius Vaitkevičius,55.2408073203,25.9738730639,Aureoboletus projectellus
186662644,,5746902,Ivan Zubkovych,51.9127576048,25.7461766526,Aureoboletus projectellus
186671775,2023-10-07 09:47:03 UTC,5652150,"",54.2109549997,24.5069857,Aureoboletus projectellus
186691130,2023-09-17 08:13:45 UTC,7499103,,55.5196883333,21.1032638333,Aureoboletus projectellus
186900773,2023-09-21 14:24:57 UTC,3143581,Konstantin Dobysh,54.6835632222,25.9904289167,Aureoboletus projectellus
187013995,2023-09-27 08:41:57 UTC,7506721,Vytautas Steponavičius,55.3407861111,26.0325861111,Aureoboletus projectellus
187247429,2023-10-12 14:33:53 UTC,5216872,Saulius Černevičius,54.0621555,24.1251361667,Aureoboletus projectellus
188438885,2020-09-24 10:36:07 UTC,7497024,,55.9365083333,21.0670638333,Aureoboletus projectellus
188547297,2023-10-08 10:44:11 UTC,7542149,Mirosław Wantoch-Rekowski,54.7898998,17.7093509,Aureoboletus projectellus
189661678,2023-11-01 13:38:47 UTC,6924318,,52.2985596629,13.7422673777,Aureoboletus projectellus
190650400,2023-10-24 09:34:04 UTC,6562215,René Jarling,52.0519866667,12.9278216667,Aureoboletus projectellus
191941079,2021-08-28 08:26:31 UTC,4171327,Lukas Volungevičius,54.2360158549,23.993077569,Aureoboletus projectellus
192221368,2016-08-27 10:01:00 UTC,2896749,Magdalena Jędro,54.7126478048,17.2456169077,Aureoboletus projectellus
196934053,2021-09-29 14:31:00 UTC,7110311,,52.2947850801,13.0841350137,Aureoboletus projectellus
197485534,2023-10-14 12:50:00 UTC,7723374,Jakub Padała,51.0315626764,21.9148945436,Aureoboletus projectellus
198595137,2018-10-05 12:15:57 UTC,7750079,Tomasz Klejdysz,54.7814102172,17.6799964903,Aureoboletus projectellus
215525210,2023-09-17 09:08:10 UTC,3117529,,55.3573685988,26.0538596655,Aureoboletus projectellus
216269140,2023-07-22 10:43:00 UTC,6324329,Linus Koch,55.7441946312,8.3220012621,Aureoboletus projectellus
219490696,2023-08-10 07:31:00 UTC,8192339,,53.7419919,14.2650808,Aureoboletus projectellus
226920265,2024-07-03 11:47:00 UTC,5936420,,54.3015984309,24.2220962048,Aureoboletus projectellus
229487903,2024-07-12 16:36:00 UTC,3953738,Marcin Dyderski,54.8237905112,17.9605371918,Aureoboletus projectellus
230703310,2024-07-21 09:47:22 UTC,7542149,Mirosław Wantoch-Rekowski,54.789555,17.7083566667,Aureoboletus projectellus
230703851,2024-07-21 09:51:15 UTC,7542149,Mirosław Wantoch-Rekowski,54.7897966667,17.70915,Aureoboletus projectellus
230726523,2024-07-21 12:23:04 UTC,7542149,Mirosław Wantoch-Rekowski,54.815965,17.8858,Aureoboletus projectellus
230727310,2024-07-21 12:27:04 UTC,7542149,Mirosław Wantoch-Rekowski,54.8161566667,17.8852016667,Aureoboletus projectellus
233088707,2024-08-01 12:42:32 UTC,859474,Aira Lažauninkienė,55.5517361686,21.1072317884,Aureoboletus projectellus
233673455,2024-08-01 16:12:47 UTC,8419175,,54.3138740617,24.6288148106,Aureoboletus projectellus
233944446,2024-08-05 14:41:07 UTC,8333460,,54.00315,23.9803805556,Aureoboletus projectellus
234188835,2024-08-06 15:08:19 UTC,8383517,,55.5483993824,21.110130921,Aureoboletus projectellus
234234960,2024-08-06 18:06:06 UTC,4935500,,54.9669416667,20.5145116667,Aureoboletus projectellus
234485965,2024-08-08 08:52:19 UTC,945323,Žygimantas Valiuška,55.49152,21.266645,Aureoboletus projectellus
234494995,2024-08-08 08:52:03 UTC,2632424,kornelija j,55.49153,21.2667,Aureoboletus projectellus
234837201,2024-08-10 08:11:12 UTC,8435266,el templar,54.3250829722,24.8233819722,Aureoboletus projectellus
235214302,2024-08-11 11:37:26 UTC,8439648,,55.1771717794,25.9028977901,Aureoboletus projectellus
235325825,2024-08-12 08:51:24 UTC,4977716,"",52.5169943,23.8991414,Aureoboletus projectellus
236603459,2024-08-17 11:02:42 UTC,8461346,,54.149613,24.1397168997,Aureoboletus projectellus
237013997,2024-08-19 12:57:00 UTC,1317190,Nelly Semenova,55.2640733622,20.9522628079,Aureoboletus projectellus
237511337,2024-08-18 07:52:28 UTC,2229703,Edita Jakubauskaitė,55.2058116737,25.6142283333,Aureoboletus projectellus
237854023,2024-08-24 16:57:33 UTC,8264539,"",57.7970389722,27.88502,Aureoboletus projectellus
238034277,2024-08-26 09:10:00 UTC,5006580,Laura Z.,55.2696393371,21.5915550909,Aureoboletus projectellus
238082807,2024-08-26 08:01:18 UTC,8449890,Sander Veer,57.1271146833,24.228801392,Aureoboletus projectellus
238213369,2024-07-15 09:00:00 UTC,7476307,,54.7141936052,17.2395623474,Aureoboletus projectellus
238601793,2024-08-29 11:59:00 UTC,7731451,,52.1270926803,21.5912830578,Aureoboletus projectellus
238954359,2024-08-31 13:18:45 UTC,1102956,Donatas Inis,55.6579031052,25.1515184185,Aureoboletus projectellus
239786381,2024-09-04 13:34:14 UTC,8527629,Justina Dimaitė,55.3017018177,21.0068745073,Aureoboletus projectellus
240925161,2024-09-08 10:44:00 UTC,7100123,GOTH,54.7025082092,26.8279542536,Aureoboletus projectellus
241626130,2024-09-14 10:20:46 UTC,8249968,fungiphage,59.5828197,24.7767222997,Aureoboletus projectellus
241672635,2024-08-25 13:35:00 UTC,1961044,Valerii Darmostuk,54.7576279722,17.5181,Aureoboletus projectellus
241829217,2024-09-15 09:17:51 UTC,4337671,,59.8314815091,23.1409845312,Aureoboletus projectellus
241881822,2024-09-15 09:12:00 UTC,2702953,Katriina Könönen,59.8311457982,23.1407207331,Aureoboletus projectellus
242261636,2024-09-13 12:01:00 UTC,3870232,Federico Calledda,58.2144149198,22.3206530884,Aureoboletus projectellus
243023370,2024-09-10 10:43:36 UTC,8109971,K.P.,57.7568005992,22.5962530822,Aureoboletus projectellus
243280469,2024-09-22 07:15:29 UTC,7542149,Mirosław Wantoch-Rekowski,54.346925,18.9647166667,Aureoboletus projectellus
243377664,2024-09-22 16:36:31 UTC,4797272,Анна Широкова,54.6156559253,19.8608889668,Aureoboletus projectellus
243599927,2024-09-12 11:20:24 UTC,1851329,Bobby Sulistyo,58.21755,22.329575,Aureoboletus projectellus
243790622,2024-09-24 13:57:04 UTC,8047108,Андрей Стрыжобык,57.1387216667,24.255765,Aureoboletus projectellus
245607966,2023-10-14 10:04:37 UTC,8537741,"",51.5321638889,14.6052166667,Aureoboletus projectellus
246014927,2024-10-05 14:00:00 UTC,7658366,Анна Прокофьева,54.9640125887,20.5137455281,Aureoboletus projectellus
247264115,2024-10-01 07:00:00 UTC,4173901,Valdas Dimparta,54.8911832115,23.5493955016,Aureoboletus projectellus
247991780,2024-09-24 12:09:14 UTC,8697460,,55.334847647,21.0306976363,Aureoboletus projectellus
248214582,2024-10-12 07:48:42 UTC,6562215,René Jarling,51.713365,14.2467583333,Aureoboletus projectellus
248215384,2024-10-12 09:17:50 UTC,6562215,René Jarling,51.718185,14.251465,Aureoboletus projectellus
248242146,2024-10-20 10:13:03 UTC,6598435,Antanas Kubilius,55.9322916667,21.4178716667,Aureoboletus projectellus
248426210,2024-10-21 10:25:21 UTC,4721808,Kazimierz Morawiak,53.5546266667,20.5300983333,Aureoboletus projectellus
254090928,2024-08-15 09:20:00 UTC,1095060,Andrejus Gaidamavičius,55.2066504731,25.6140840573,Aureoboletus projectellus
255527128,2024-08-13 06:18:08 UTC,5746902,Ivan Zubkovych,51.9227089722,25.7840279722,Aureoboletus projectellus
255527723,2024-08-13 06:19:07 UTC,5746902,Ivan Zubkovych,51.9227419722,25.7841419722,Aureoboletus projectellus
255887249,2024-08-06 15:12:00 UTC,1095060,Andrejus Gaidamavičius,55.2100532834,25.610094074,Aureoboletus projectellus
256873624,2023-10-05 09:24:56 UTC,8852269,Валерій Воробей,51.8849476084,25.796723552,Aureoboletus projectellus
258736279,2024-08-13 06:18:08 UTC,5746902,Ivan Zubkovych,51.9227089722,25.7840279722,Aureoboletus projectellus
258736315,2024-08-13 06:17:21 UTC,5746902,Ivan Zubkovych,51.922679,25.7839789722,Aureoboletus projectellus
261316195,2024-09-03 07:08:00 UTC,2507589,lidiabam,55.2291861111,20.9035277778,Aureoboletus projectellus
261316529,2024-09-03 07:42:00 UTC,2507589,lidiabam,55.2287055556,20.9042444444,Aureoboletus projectellus
261316530,2024-09-03 07:22:00 UTC,2507589,lidiabam,55.2287055556,20.9033444444,Aureoboletus projectellus
261316531,2024-09-03 07:01:00 UTC,2507589,lidiabam,55.2287055556,20.9040805556,Aureoboletus projectellus
261316532,2024-09-03 07:41:00 UTC,2507589,lidiabam,55.2288472222,20.9041805556,Aureoboletus projectellus
261316568,2024-09-03 07:00:00 UTC,2507589,lidiabam,55.2287388889,20.9043472222,Aureoboletus projectellus
265612318,2022-09-25 15:20:39 UTC,9025090,Ольга Усанова,55.255375,20.942805,Aureoboletus projectellus
267879338,2024-10-23 10:52:00 UTC,7074899,Michal Svit,51.9143389124,19.4679316878,Aureoboletus projectellus
268717897,2023-10-04 10:55:57 UTC,3380138,Julija Mačionytė,54.3604069935,24.6581285074,Aureoboletus projectellus
294362547,2023-08-29 15:46:45 UTC,8610619,Michal Ronikier,53.8603555556,17.5941138889,Aureoboletus projectellus
295998562,2024-08-16 10:58:00 UTC,9259786,Piotr Jagodziński,51.4818370858,15.7925424333,Aureoboletus projectellus
303976390,2025-08-05 09:49:00 UTC,9613416,,50.8955022068,21.9117454178,Aureoboletus projectellus
304207584,2025-08-06 12:06:35 UTC,4419964,Vilius Martinaitis,55.1003083333,25.6641222222,Aureoboletus projectellus
304262960,2025-08-06 16:26:16 UTC,7190587,"",51.3912908113,24.8597696051,Aureoboletus projectellus
304648366,2025-08-07 09:37:13 UTC,1471889,Leonid Rasran,52.0204939445,13.2269399241,Aureoboletus projectellus
304704825,2025-08-08 12:55:35 UTC,7542149,Mirosław Wantoch-Rekowski,54.7885266667,17.7069033333,Aureoboletus projectellus
304708072,2025-08-08 13:00:10 UTC,7542149,Mirosław Wantoch-Rekowski,54.7895433333,17.7080566667,Aureoboletus projectellus
304916456,2025-08-09 08:58:05 UTC,3383059,Dirk Hampusch,51.9079261111,13.8546594444,Aureoboletus projectellus
304918350,2025-08-09 07:58:38 UTC,7872047,Dariusz Kucharski and Kornelia Kucharska,51.6713943997,21.1995742,Aureoboletus projectellus
304959943,2025-08-09 12:47:35 UTC,5006580,Laura Z.,55.400272437,21.5428848937,Aureoboletus projectellus
304986535,,6243917,Sergio B.,53.831957638,23.840861849,Aureoboletus projectellus
305805308,2025-08-12 06:43:48 UTC,4777483,,54.1436111111,24.2111111111,Aureoboletus projectellus
306447517,2025-08-14 08:47:05 UTC,3103549,Юлия Гришанова,55.0601695,21.772955,Aureoboletus projectellus
306457634,2015-09-29 17:42:00 UTC,9434738,FunDive,54.8272536574,17.959928661,Aureoboletus projectellus
306459236,2025-08-15 11:23:21 UTC,5302163,Rimante Paulauskaite,55.2237616667,25.5621916667,Aureoboletus projectellus
306653253,2025-08-16 03:42:21 UTC,6498587,Emma,57.1623611667,24.28312,Aureoboletus projectellus
307225102,2025-08-10 08:24:00 UTC,7209309,Dariusz Kubiak,53.713338382,20.7442211681,Aureoboletus projectellus
307460060,2025-08-19 07:58:28 UTC,7058130,Šv. Sodas,55.1292135896,25.7562131435,Aureoboletus projectellus
307473193,2025-08-19 10:01:58 UTC,9070230,Inita Daniele,57.6430148492,22.2304099146,Aureoboletus projectellus
307477551,2025-08-19 10:38:29 UTC,4006311,Mindaugas,56.8480938,21.1029413,Aureoboletus projectellus
307698119,2025-08-20 08:43:19 UTC,9070230,Inita Daniele,57.7562543191,22.5899332948,Aureoboletus projectellus
307943774,2025-08-21 12:14:43 UTC,8538130,Jan Mourek,54.6307036333,18.8107061167,Aureoboletus projectellus
307953203,2025-08-21 09:27:57 UTC,7401737,Alfas,54.9993984,24.3075712,Aureoboletus projectellus
308365357,2025-08-19 06:08:05 UTC,5988232,Miks Rieksts-Hofmanis,57.2750462997,21.4161752,Aureoboletus projectellus
308365402,2025-08-18 12:13:34 UTC,5988232,Miks Rieksts-Hofmanis,56.8978788,21.2022592,Aureoboletus projectellus
308478457,2025-08-23 14:07:21 UTC,7292413,,57.3224216667,23.1361888333,Aureoboletus projectellus
308759871,2025-08-21 13:53:39 UTC,8264539,"",57.791736,27.8709589722,Aureoboletus projectellus
308948158,2025-08-20 13:28:39 UTC,8610619,Michal Ronikier,54.78861766,17.73654769,Aureoboletus projectellus
309203264,2025-08-26 09:32:49 UTC,5988232,Miks Rieksts-Hofmanis,56.88350612,24.1317905858,Aureoboletus projectellus
309435054,2025-08-26 13:55:22 UTC,5530034,Kaspar,58.934486118,22.2144775093,Aureoboletus projectellus
309483952,2025-08-27 07:01:36 UTC,7401737,Alfas,54.0398208,24.398088,Aureoboletus projectellus
309538318,2025-08-23 16:31:00 UTC,1095060,Andrejus Gaidamavičius,55.2926985664,25.6378222963,Aureoboletus projectellus
309680133,2025-08-06 08:36:32 UTC,7564932,"",51.4010206997,13.8169748997,Aureoboletus projectellus
309715429,2025-08-27 17:40:53 UTC,5988232,Miks Rieksts-Hofmanis,57.5678299412,22.0582126826,Aureoboletus projectellus
309716004,2025-08-28 07:46:27 UTC,5988232,Miks Rieksts-Hofmanis,57.5634014997,21.6992939,Aureoboletus projectellus
309919168,2025-08-29 09:56:56 UTC,6168899,Gleb Barmashenko,57.28386,17.0624966667,Aureoboletus projectellus
309949886,2023-08-19 08:45:00 UTC,9070230,Inita Daniele,57.0339772997,23.4292146997,Aureoboletus projectellus
310281448,2025-08-30 09:33:00 UTC,6646738,Yuri Skochelyas,54.4822530695,27.1717842349,Aureoboletus projectellus
310432604,2025-08-30 12:33:39 UTC,9694574,Dace,57.1663638889,24.3072444444,Aureoboletus projectellus
310481475,2025-08-31 14:13:53 UTC,6024112,Gen,53.7153763439,17.9592102394,Aureoboletus projectellus
310529681,2025-08-13 08:36:48 UTC,9697238,Marcin Wirkus,54.3636111111,17.2215305556,Aureoboletus projectellus
311011490,2025-09-02 08:20:58 UTC,7403939,,57.5081553917,22.7818357944,Aureoboletus projectellus
311248158,2025-09-03 13:32:56 UTC,2171319,Natalia Tatusz,54.72088617,17.23858919,Aureoboletus projectellus
311257839,2025-09-03 12:39:35 UTC,3069127,Lina Kaminskaitė,55.4299079722,21.09806,Aureoboletus projectellus
311272873,2025-09-03 15:52:00 UTC,2171319,Natalia Tatusz,54.6912196,17.2363277,Aureoboletus projectellus
311273172,2025-09-03 15:54:39 UTC,2171319,Natalia Tatusz,54.71429844,17.21867203,Aureoboletus projectellus
311279701,2025-09-03 15:29:53 UTC,2171319,Natalia Tatusz,54.71498641,17.2209978,Aureoboletus projectellus
311464762,2025-08-31 17:04:16 UTC,8264539,"",57.7938449722,27.910053,Aureoboletus projectellus
311541772,2025-09-04 17:09:54 UTC,9669570,Evita Veinberga,57.1869940642,24.3677243945,Aureoboletus projectellus
311632399,2025-09-04 09:26:22 UTC,2140089,Ralph Martin,58.9326709997,22.0500338997,Aureoboletus projectellus
311638280,2025-09-04 13:49:58 UTC,5988232,Miks Rieksts-Hofmanis,56.3097817,21.0072961997,Aureoboletus projectellus
311798257,2025-09-04 08:30:56 UTC,1476490,Zdeňka Nováková,54.623417,18.818066,Aureoboletus projectellus
311858398,2025-09-06 06:10:23 UTC,9669570,Evita Veinberga,57.5045439973,22.2522747641,Aureoboletus projectellus
311906767,2025-09-06 10:09:30 UTC,9695927,GuTa,57.1845116667,24.3250333333,Aureoboletus projectellus
312125553,2024-09-28 14:37:51 UTC,9695927,GuTa,57.6756866667,22.50203,Aureoboletus projectellus
312223383,2025-09-07 16:23:42 UTC,3414719,Birutė Stukė,55.326624,21.0312799997,Aureoboletus projectellus
312270512,2025-09-06 10:47:00 UTC,2230075,"",54.3107192677,24.725015991,Aureoboletus projectellus
312439138,2025-09-08 11:10:15 UTC,8211693,Katja Osterloh,57.2918616705,17.0701410994,Aureoboletus projectellus
312498523,2025-09-08 17:50:30 UTC,739624,"",55.0497643393,25.6507747572,Aureoboletus projectellus
312755228,2025-09-05 05:37:12 UTC,2140089,Ralph Martin,58.9344364997,22.0509470997,Aureoboletus projectellus
312853795,2025-09-10 07:12:32 UTC,5988232,Miks Rieksts-Hofmanis,57.1134498181,24.6050747484,Aureoboletus projectellus
312872375,2025-09-10 10:27:52 UTC,2784116,Liva Legzdina,57.756295,22.6023366667,Aureoboletus projectellus
313388300,2025-09-11 11:56:19 UTC,2425872,"",57.6496116667,22.2555416667,Aureoboletus projectellus
313531023,2025-09-13 11:36:18 UTC,4827630,,59.0200271606,18.0370979309,Aureoboletus projectellus
313547758,2025-09-13 10:45:24 UTC,8165911,Regina Šlekaitienė,54.9271666667,23.7361883333,Aureoboletus projectellus
313562481,2025-09-13 14:16:42 UTC,7542149,Mirosław Wantoch-Rekowski,54.04542,17.7458416667,Aureoboletus projectellus
313597192,2025-09-12 15:02:00 UTC,3906381,Ramunė Vakarė,55.1613797737,22.5095553016,Aureoboletus projectellus
313627534,2025-09-13 17:35:00 UTC,8409634,Schwanzmeise,52.268654069,13.5862705647,Aureoboletus projectellus
314138973,2025-09-15 09:50:06 UTC,7247394,Daniel Buczkiewicz,54.7306999281,17.2617232427,Aureoboletus projectellus
314172542,2025-09-15 09:51:56 UTC,8895003,,54.7307866587,17.2615039721,Aureoboletus projectellus
314175867,2025-09-06 08:57:00 UTC,1109923,,55.2965233333,20.9824283333,Aureoboletus projectellus
314217708,2025-09-15 15:01:24 UTC,2883760,Galina Shapoval (Kuftina),55.0972111667,20.7478366667,Aureoboletus projectellus
314402775,2025-09-16 17:44:00 UTC,9768577,,52.8445166667,19.7121888889,Aureoboletus projectellus
314513197,2025-09-17 05:30:39 UTC,3557109,Sławomir Karpicki-Ignatowski,54.6017320685,18.8221444787,Aureoboletus projectellus
314646322,2025-09-17 08:00:00 UTC,9773614,,54.2791423325,24.5759731004,Aureoboletus projectellus
314649335,2025-09-06 18:57:00 UTC,860622,ailanthus altissima,59.3579578487,23.6508082558,Aureoboletus projectellus
314736307,2025-09-16 09:57:31 UTC,6474731,,57.95876038,19.2558203604,Aureoboletus projectellus
315032755,2025-09-19 15:05:02 UTC,3742410,Szymon Kusiak,54.782425,17.67725,Aureoboletus projectellus
315181187,2025-09-20 07:01:37 UTC,6418149,Piotr Kobierski,51.8328198418,14.9054530822,Aureoboletus projectellus
315198656,2025-09-20 09:32:55 UTC,4053135,Agnija Fedukovičiūtė,55.2144374,25.7794496,Aureoboletus projectellus
315320430,2025-09-20 07:51:18 UTC,7911976,"",52.189855,14.011582,Aureoboletus projectellus
315352905,2025-09-20 11:34:55 UTC,2883760,Galina Shapoval (Kuftina),55.0825721667,20.73167,Aureoboletus projectellus
315432832,2025-09-20 07:13:14 UTC,6562215,René Jarling,52.1915333333,14.00699,Aureoboletus projectellus
315433240,2025-09-20 07:53:24 UTC,6562215,René Jarling,52.1898,14.0112666667,Aureoboletus projectellus
315433570,2025-09-20 08:28:35 UTC,6562215,René Jarling,52.1870216667,14.0116916667,Aureoboletus projectellus
315452963,2025-09-13 12:27:47 UTC,4968918,Joshua Krause,52.5626845184,21.5845582447,Aureoboletus projectellus
315547924,2025-09-20 07:53:00 UTC,7110311,,52.189825,14.0114933333,Aureoboletus projectellus
315583041,2025-09-21 11:13:44 UTC,7232722,"",52.19147707,14.00710863,Aureoboletus projectellus
315583923,2025-09-21 11:42:50 UTC,7232722,"",52.18996429,14.00983824,Aureoboletus projectellus
315599992,2025-09-21 09:59:28 UTC,7234622,Thomas Pfluger,52.0723571289,14.168743276,Aureoboletus projectellus
315749088,2025-09-22 07:37:28 UTC,6418149,Piotr Kobierski,51.849308,14.980881,Aureoboletus projectellus
315798517,2025-09-22 13:13:30 UTC,9694633,Sandra Mikelsone,57.65574,22.2770116667,Aureoboletus projectellus
315977298,2025-09-22 15:07:20 UTC,1300483,"",54.3027638889,24.7794194444,Aureoboletus projectellus
315986676,2025-09-23 06:09:48 UTC,9070230,Inita Daniele,57.7296696045,22.4778884556,Aureoboletus projectellus
316242112,2025-09-22 13:53:00 UTC,4831715,"",52.3425258284,21.1498031393,Aureoboletus projectellus
316481346,2025-09-11 09:39:16 UTC,7958758,,60.0172864,23.8041951997,Aureoboletus projectellus
316578508,2025-09-25 15:09:00 UTC,9808362,,51.8850472222,15.2150444444,Aureoboletus projectellus
316742118,2025-09-26 12:27:00 UTC,9808362,,51.8401277778,15.2690972222,Aureoboletus projectellus
316960441,2025-09-26 10:40:48 UTC,7125499,Bobo-X,51.4015982,23.5149396997,Aureoboletus projectellus
317747564,2025-09-30 12:17:40 UTC,3065640,br. Vidas,55.2730216978,25.7709674833,Aureoboletus projectellus
318012248,2025-10-01 15:57:59 UTC,9248738,pierogi p,54.326426142,19.1121515,Aureoboletus projectellus
318191949,2025-09-15 09:14:56 UTC,5227761,Katarina Grabnar Apostolides,56.9109216667,23.460365,Aureoboletus projectellus
318378258,2025-10-03 11:05:48 UTC,2561005,,55.7028961182,8.2077903748,Aureoboletus projectellus
318580873,2023-09-16 10:29:00 UTC,7614891,,57.1956055556,23.2046444444,Aureoboletus projectellus
318994264,2025-10-05 10:09:08 UTC,2883760,Galina Shapoval (Kuftina),55.0884138333,20.7341783333,Aureoboletus projectellus
319259899,2025-10-03 13:04:00 UTC,5783402,Lionel,52.0840824003,21.316942897,Aureoboletus projectellus
319528194,2025-10-08 09:29:46 UTC,3957629,Jogaila Mackevičius,54.3266769997,24.5309676,Aureoboletus projectellus
319911738,2025-10-10 07:27:58 UTC,6418149,Piotr Kobierski,51.886622943,14.9167766981,Aureoboletus projectellus
319917918,2025-09-27 06:36:00 UTC,9642441,Александр Жуковский,51.7750362534,23.990126347,Aureoboletus projectellus
320169135,2025-10-11 14:39:33 UTC,7317271,MB,52.1025883034,13.1778995661,Aureoboletus projectellus
320219603,2025-09-28 08:59:00 UTC,9010379,Hansjörg Beyer,52.1876888858,14.0036163058,Aureoboletus projectellus
320321884,2025-10-11 10:32:15 UTC,6562215,René Jarling,51.6402870919,14.220999442,Aureoboletus projectellus
320801574,2020-09-06 09:34:26 UTC,5988232,Miks Rieksts-Hofmanis,57.0784502778,23.2730405306,Aureoboletus projectellus
324763478,2025-09-28 09:07:16 UTC,9593485,,52.035391,13.710598,Aureoboletus projectellus
329397822,2025-09-16 08:09:52 UTC,9980386,Charlotta Schneider,57.31242,17.1445721667,Aureoboletus projectellus
